YRMO,FUND_TYPE,avg_med_limit,bkt_1_M_member_perc,bkt_1_F_member_perc,bkt_2_M_member_perc,bkt_2_F_member_perc,bkt_3_M_member_perc,bkt_3_F_member_perc,bkt_4_M_member_perc,bkt_4_F_member_perc,agesexfactor,med_relativity,rx_relativity,avg_med_dded,avg_rx_dded,avg_med_copay,avg_mh_copay,avg_rx_copay,avg_med_coins,rx_pmpm,med_pmpm,total_pmpm_worebates
2016-01,FI,4277.295398,11.47,10.96,5.51,5.35,32.53,32,1.18,0.98,1.024427448,1.02255,0.90445,1766.357606,42.10442289,19.6585852,45.91073496,27.90305087,0.882045608,62.44506811,254.8915083,318.6880901
2016-02,FI,4275.280692,11.47,10.96,5.51,5.34,32.52,32,1.18,0.98,1.024776367,1.0222,0.90378,1769.286382,42.42303148,19.68187898,45.92052532,28.02087609,0.881952018,69.63368806,273.612848,344.7534884
2016-03,FI,4274.384727,11.49,10.97,5.51,5.32,32.56,31.94,1.19,0.99,1.024818212,1.02155,0.90297,1772.873372,43.31043473,19.65336676,45.62708644,28.27936473,0.881793346,77.44084922,299.7092507,378.8300138
2016-04,FI,4274.804498,11.47,10.95,5.51,5.32,32.56,31.95,1.21,1.01,1.025988546,1.02032,0.89978,1782.369196,43.47648169,19.72801293,45.69435914,28.47970195,0.881524859,75.68601748,284.2413936,361.5803377
2016-05,FI,4274.664802,11.48,10.96,5.5,5.32,32.54,31.95,1.22,1.01,1.026438902,1.01991,0.89848,1784.800927,43.98052322,19.80386242,45.73665177,28.68563158,0.881412912,79.28878638,292.2425387,373.250322
2016-06,FI,4290.602798,11.47,10.94,5.5,5.3,32.57,31.95,1.23,1.02,1.027050088,1.01764,0.8852,1802.756351,46.00714439,19.83489458,45.33132312,28.90485633,0.880755779,82.28039211,299.7205467,383.7884879
2016-07,FI,4300.359391,11.46,10.93,5.5,5.29,32.62,31.92,1.23,1.02,1.02746579,1.01563,0.88022,1818.504545,46.19831819,19.80034533,44.83501098,29.13643977,0.880041613,77.78367858,286.5590907,366.0277761
2016-08,FI,4296.041396,11.46,10.93,5.49,5.29,32.62,31.91,1.23,1.03,1.027913669,1.01531,0.87832,1821.878228,45.94521544,19.83602577,44.89627712,29.30407656,0.880025841,86.9951624,312.8023189,401.77307
2016-09,FI,4281.923101,11.48,10.94,5.49,5.3,32.58,31.9,1.24,1.03,1.028177136,1.01568,0.87425,1822.299204,45.91379179,19.86789498,44.87235634,29.4744596,0.880107002,80.55198941,300.698478,383.3984829
2016-10,FI,4291.678771,11.46,10.92,5.51,5.35,32.54,31.88,1.25,1.04,1.027826782,1.01228,0.86638,1837.138128,45.49555602,20.05251924,45.11501821,29.97953958,0.87903767,70.34269264,307.0971834,391.2260046
2016-11,FI,4297.639256,11.44,10.91,5.51,5.34,32.56,31.87,1.26,1.05,1.028437513,1.01084,0.86462,1845.600325,45.19461813,20.0606607,45.20476611,30.07290237,0.878673357,72.79496545,310.4501515,397.9198529
2016-12,FI,4295.612887,11.44,10.91,5.53,5.36,32.53,31.85,1.28,1.06,1.027918474,1.00906,0.86462,1861.054012,45.02954033,20.25205151,45.67962608,30.6713512,0.877399388,77.12287484,312.6608288,403.5968805
2017-01,FI,4362.601964,11.43,10.91,5.57,5.38,32.58,31.85,1.23,0.99,1.025625411,0.99684,0.85563,1933.820323,45.31448574,20.43453809,46.06500476,31.72374495,0.87399712,62.25869035,292.2626308,367.1157629
2017-02,FI,4349.976446,11.45,10.91,5.55,5.38,32.53,31.89,1.24,1.01,1.026336035,0.99775,0.85403,1927.140287,44.98045445,20.42233092,46.06452085,31.67109533,0.874290602,62.68971886,275.1086348,350.4599482
2017-03,FI,4346.652934,11.44,10.91,5.53,5.37,32.5,31.94,1.25,1.01,1.027076703,0.99793,0.85417,1928.063177,44.8217445,20.44440252,46.11520693,31.66131512,0.874335661,70.98332927,313.7808183,401.0062393
2017-04,FI,4350.952067,11.45,10.92,5.51,5.36,32.48,31.95,1.26,1.02,1.027332155,0.99619,0.85267,1937.606425,44.79735325,20.43647115,46.02551482,31.69886286,0.874026708,67.40477265,291.7863881,372.5776174
2017-05,FI,4351.676252,11.44,10.92,5.5,5.35,32.48,31.96,1.27,1.04,1.027841629,0.99544,0.85193,1941.153267,44.75563665,20.38705053,45.91757471,31.67720043,0.873736211,73.89175867,319.2516185,407.3489226
2017-06,FI,4360.119249,11.46,10.95,5.49,5.35,32.42,31.97,1.28,1.05,1.027805646,0.99395,0.85085,1952.388024,44.2333314,20.35111185,45.8760146,31.65849431,0.873383019,69.60053174,322.9606801,410.7936349
2017-07,FI,4366.112787,11.46,10.95,5.52,5.36,32.4,31.96,1.28,1.04,1.027765866,0.993,0.8526,1960.714986,45.13054391,20.44411189,46.14049963,31.85081385,0.872491861,72.44964788,309.6678867,396.0041152
2017-08,FI,4363.227257,11.46,10.96,5.52,5.37,32.38,31.95,1.29,1.05,1.028142157,0.99372,0.85339,1956.090272,45.11801943,20.40554911,45.98926755,31.81166547,0.87282966,80.1368705,337.359938,431.6788478
2017-09,FI,4363.584487,11.46,10.97,5.5,5.38,32.32,31.98,1.3,1.06,1.028413817,0.99304,0.85298,1960.305053,44.92380562,20.33617491,45.76805381,31.82585058,0.872622749,69.21992563,314.5751038,401.1317802
2017-10,FI,4377.925149,11.45,10.95,5.51,5.4,32.31,31.99,1.3,1.06,1.028274981,0.99194,0.85268,1970.991609,45.53748754,20.37413016,45.81118382,31.89784485,0.872370165,78.34711755,338.7179407,432.1309562
2017-11,FI,4366.765606,11.48,10.98,5.5,5.42,32.14,32.07,1.31,1.07,1.028626692,0.99169,0.85242,1957.464003,53.66422196,20.20719856,45.1773987,31.665204,0.871834666,77.02932758,330.7222759,422.7195903
2017-12,FI,4356.978899,11.49,10.98,5.51,5.44,32.09,32.06,1.33,1.09,1.028327974,0.99122,0.85363,1961.302139,55.84204994,20.06025297,44.40728651,31.54862183,0.871597038,77.50291829,328.580689,424.6474415
2018-01,FI,4402.936452,11.46,10.99,5.51,5.46,32.21,32.05,1.28,1.03,1.024864632,0.98325,0.83102,2012.420137,56.19117466,19.66931259,42.52502583,31.78518944,0.87052183,69.28611597,305.2633859,389.3059035
2018-02,FI,4396.839081,11.46,10.98,5.49,5.45,32.19,32.08,1.29,1.04,1.025462607,0.98345,0.83171,2012.237353,56.55482258,19.64223317,42.53727473,31.75600847,0.871046942,65.64742801,289.7754404,372.3189211
2018-03,FI,4386.657847,11.48,10.99,5.48,5.44,32.14,32.1,1.3,1.06,1.025994846,0.98356,0.8328,2009.340958,56.6752317,19.63739159,42.69930159,31.69437621,0.871205263,73.07489304,318.9764773,411.1134321
2018-04,FI,4384.718621,11.49,11,5.47,5.42,32.14,32.1,1.31,1.06,1.026425187,0.98301,0.83268,2012.772313,56.91450156,19.69377655,42.98119984,31.70395752,0.871152683,75.01906334,318.6754795,410.8135439
2018-05,FI,4381.858146,11.48,10.99,5.45,5.42,32.12,32.14,1.32,1.07,1.027103262,0.98277,0.83316,2012.86597,58.39164116,19.62564457,42.78496476,31.71959271,0.871121265,79.78367045,336.7079148,434.157949
2018-06,FI,4383.386289,11.5,11.01,5.46,5.41,32.09,32.12,1.32,1.08,1.026925091,0.98192,0.83294,2022.053159,58.33812029,19.5509088,42.61352059,31.65517652,0.871260713,72.07047485,329.4020202,421.796184
2018-07,FI,4372.138209,11.53,11.04,5.47,5.4,32.12,32.03,1.33,1.08,1.026360841,0.98322,0.83538,2018.017417,59.30741036,19.46124331,42.41718407,31.51761406,0.871280349,77.72175331,333.4409062,429.0082954
2018-08,FI,4363.86791,11.54,11.06,5.47,5.4,32.07,32.04,1.33,1.08,1.026424188,0.98414,0.83641,2013.466103,59.55908584,19.37953467,42.08326719,31.482341,0.871295521,81.89515801,358.000178,459.4578285
2018-09,FI,4352.976452,11.52,11.04,5.46,5.42,32.02,32.09,1.35,1.1,1.027440573,0.98571,0.83639,2010.67627,60.77020193,19.40116498,42.24046826,31.37973004,0.871747287,73.56731183,322.5147841,415.6923537
2018-10,FI,4344.453127,11.52,11.04,5.47,5.46,31.98,32.07,1.35,1.1,1.026903372,0.99296,0.83859,2005.114255,61.04667223,19.23240197,41.64530089,31.22912799,0.871752911,86.37009771,365.1252318,470.3278473
2018-11,FI,4350.991471,11.51,11.04,5.47,5.48,31.95,32.07,1.36,1.11,1.027113321,0.99334,0.84004,2003.319476,60.96633563,19.26838392,41.76683177,31.22411695,0.87193152,80.87379764,348.7762123,448.0238165
2018-12,FI,4336.640918,11.5,11.03,5.48,5.49,31.89,32.1,1.38,1.13,1.02695955,0.99404,0.84334,1995.886049,63.7660116,19.18070673,41.85461361,31.25632401,0.870657,81.18470867,346.8132962,447.0257154
2019-01,FI,4367.205722,11.47,10.97,5.47,5.55,31.81,32.27,1.36,1.09,1.025804479,0.98843,0.83919,2044.099654,63.83566902,19.30769146,41.7772579,31.22825851,0.869364213,71.6599926,334.0128249,426.3658581
2019-02,FI,4365.634491,11.45,10.96,5.45,5.54,31.8,32.31,1.37,1.1,1.026412554,0.988,0.83879,2043.292933,63.86390192,19.30597294,41.78988671,31.24940625,0.869383023,69.53676506,313.5042984,402.1085842
2019-03,FI,4364.90812,11.46,10.98,5.44,5.52,31.76,32.34,1.38,1.11,1.026811745,0.98829,0.83841,2038.166535,63.72265397,19.24248537,41.53132223,31.23824273,0.869230146,76.43474918,340.0548233,435.304772
2019-04,FI,4363.409287,11.47,10.99,5.43,5.51,31.73,32.37,1.38,1.12,1.027082327,0.9885,0.83871,2034.161152,63.39829427,19.19923557,41.40962904,31.20953586,0.869571716,83.18760331,348.2248221,449.3610057
2019-05,FI,4358.578085,11.47,11,5.41,5.48,31.69,32.42,1.39,1.13,1.027606667,0.9888,0.8391,2031.367548,62.15413767,19.2358722,41.58755004,31.16474179,0.870010034,83.48857037,358.9279446,463.2316227
2019-06,FI,4362.688892,11.48,11,5.42,5.47,31.68,32.42,1.4,1.13,1.027832038,0.98984,0.83787,2033.345093,61.86387016,19.1229598,41.15302603,31.07898279,0.869943878,76.95858566,339.3647789,437.2170076
2019-07,FI,4385.023737,11.45,10.98,5.43,5.46,31.76,32.39,1.4,1.13,1.027635827,0.9863,0.84281,2042.248443,60.37156868,19.21391497,41.22697961,31.26456366,0.869236931,86.76305815,365.7632055,470.6082268
2019-08,FI,4392.829537,11.44,10.97,5.43,5.46,31.76,32.38,1.41,1.14,1.028295718,0.98538,0.84208,2046.99363,60.09615021,19.31605239,41.44925745,31.29241367,0.869586149,84.96527986,363.9627652,469.230104
2019-09,FI,4387.977148,11.46,10.98,5.42,5.48,31.71,32.39,1.42,1.15,1.028416786,0.98605,0.84232,2040.154383,59.34225499,19.29026585,41.33637937,31.30203411,0.869406726,76.05229467,349.4928313,451.3203618
2019-10,FI,4386.194549,11.46,11,5.43,5.48,31.71,32.36,1.42,1.15,1.027768043,0.98756,0.84254,2038.368798,58.86515769,19.31702874,41.51302732,31.25026936,0.869854464,88.96538303,391.7218708,503.1410392
2019-11,FI,4388.559815,11.47,11,5.44,5.48,31.7,32.33,1.43,1.16,1.028116801,0.98767,0.8414,2041.428025,59.01400205,19.36655816,41.76575404,31.24579565,0.869968265,80.09183186,359.7805866,461.7472257
2019-12,FI,4394.644022,11.44,10.97,5.43,5.48,31.71,32.35,1.44,1.17,1.028616024,0.98804,0.84142,2042.55712,55.18349611,19.35953579,41.72080851,31.22745254,0.870001341,92.74258774,379.1514999,492.2873476
2020-01,FI,4409.538537,11.39,10.92,5.45,5.46,32.17,32.1,1.39,1.11,1.023579053,0.98977,0.84409,2040.467235,31.68588715,19.80020918,45.92947695,31.43709271,0.867379261,74.03975005,348.06331,444.9176653
2020-02,FI,4409.375663,11.38,10.91,5.42,5.46,32.15,32.15,1.4,1.12,1.024282832,0.98947,0.84399,2038.927567,31.9583553,19.81872287,46.01252782,31.42798864,0.867593652,81.37584115,317.3253992,412.2286025
2020-03,FI,4406.209527,11.37,10.9,5.41,5.44,32.15,32.18,1.41,1.13,1.02489605,0.98901,0.84407,2039.644104,31.81377899,19.78547525,45.8731381,31.43038127,0.867901919,79.11283421,307.0190496,424.2181345
2020-04,FI,4400.075427,11.42,10.96,5.41,5.42,32.11,32.12,1.42,1.13,1.024785048,0.98843,0.84673,2034.929782,31.30067281,19.70733003,45.68707903,31.39763644,0.867896925,82.97610433,239.7303027,347.0757503
2020-05,FI,4401.880924,11.43,10.97,5.39,5.4,32.11,32.12,1.43,1.14,1.025168844,0.98863,0.84785,2031.461468,31.67270706,19.67741438,45.60354711,31.40251281,0.868153108,79.04344701,299.3548059,402.541897
2020-06,FI,4418.257213,11.41,10.96,5.39,5.4,32.11,32.15,1.43,1.15,1.025575985,0.98418,0.84643,2040.762163,31.68902153,20.10805399,46.57843331,31.91838415,0.869267073,79.24452296,360.8541851,470.8332359
2020-07,FI,4403.340291,11.44,10.96,5.36,5.37,32.12,32.16,1.44,1.15,1.026832052,0.98646,0.87785,2028.690965,31.95695739,20.01881568,46.54440925,31.87312438,0.870161693,83.79999415,390.3186073,500.0270999
2020-08,FI,4400.869536,11.47,10.98,5.33,5.34,32.1,32.17,1.45,1.16,1.027123511,0.9864,0.87783,2028.697738,31.73689236,19.90242951,46.39245634,31.82849909,0.870159769,81.48118236,369.369888,477.2003214
2020-09,FI,4405.038061,11.46,10.97,5.33,5.35,32.13,32.15,1.45,1.16,1.027089431,0.98681,0.87754,2027.212315,31.69183017,19.91887265,46.48250852,31.84758517,0.870494041,82.27177287,383.2773203,496.2040707
2020-10,FI,4416.047197,11.45,10.98,5.35,5.36,32.12,32.13,1.45,1.16,1.026854242,0.98532,0.87419,2038.106824,31.34092505,19.93993654,46.45445316,32.06762215,0.870484508,85.06357152,403.7613302,519.7007201
2020-11,FI,4423.122524,11.41,10.96,5.36,5.38,32.1,32.15,1.46,1.17,1.027508797,0.98349,0.86724,2047.36923,30.98589455,20.07722109,45.63131034,32.85655254,0.870245908,87.24058909,386.2000261,498.6542582
2020-12,FI,4421.860423,11.38,10.93,5.34,5.42,32,32.29,1.46,1.17,1.027307636,0.98358,0.86721,2044.096602,33.7065285,20.08525921,46.30184019,32.87895469,0.870151653,90.40799323,407.9682975,532.1396668
2021-01,FI,4447.548688,11.35,10.92,5.34,5.4,32.13,32.31,1.42,1.12,1.024265135,1.00394,0.97829,2058.946694,35.0370908,20.56808078,47.17176904,33.26218713,0.86915633,66.95346467,381.9481892,481.4194849
2021-02,FI,4452.382289,11.34,10.9,5.32,5.41,32.1,32.37,1.42,1.12,1.024489478,1.00333,0.97836,2061.746247,35.77459234,20.61463859,47.28590446,33.3220897,0.868955355,74.21432424,352.8066736,451.1479731
2021-03,FI,4452.151742,11.34,10.91,5.31,5.4,32.07,32.39,1.43,1.13,1.024657727,1.00276,0.97803,2060.141038,36.19673378,20.67628446,47.33671419,33.37593841,0.869015616,87.0471419,412.3894496,532.7434962
2021-04,FI,4446.047935,11.35,10.91,5.31,5.4,32.08,32.38,1.43,1.14,1.024854956,1.0028,0.97792,2054.832582,36.49110951,20.74805399,47.3524182,33.41446779,0.86929962,85.74869136,408.8366511,527.0055203
2021-05,FI,4449.693678,11.34,10.89,5.31,5.39,32.07,32.4,1.44,1.15,1.02550437,1.00216,0.97761,2054.775097,36.80697591,20.80724771,47.42451946,33.45613173,0.869439282,83.04244129,388.9642347,503.2788787
2021-06,FI,4485.242086,11.34,10.87,5.32,5.4,32.09,32.39,1.44,1.15,1.025126847,1.00171,0.97714,2053.328265,36.50302778,20.89644006,47.41591796,33.45073824,0.869252004,82.60236012,403.8160317,522.6317196
2021-07,FI,4487.809589,11.31,10.85,5.32,5.39,32.07,32.45,1.45,1.15,1.025426231,1.01494,0.97945,2044.057128,37.94924923,21.21631111,48.24260455,33.56812947,0.869257706,80.33544079,413.9149233,527.7220499
2021-08,FI,4487.759858,11.28,10.83,5.32,5.4,32.04,32.49,1.45,1.16,1.026246716,1.01363,0.9784,2042.398115,38.19958919,21.31010977,48.39768451,33.61955686,0.869145891,86.46531366,437.4768144,559.0770397
2021-09,FI,4484.640958,11.27,10.82,5.32,5.44,31.98,32.52,1.46,1.16,1.026307831,1.01201,0.97701,2037.796996,38.49696551,21.33033302,48.25765076,33.67417819,0.868729346,84.85899437,426.9758547,546.0124862
2021-10,FI,4499.290356,11.25,10.8,5.34,5.46,31.98,32.52,1.47,1.17,1.026157264,1.00681,0.97414,2035.78856,39.88756911,21.48632115,48.56189193,33.76381793,0.868772085,86.4077118,425.6343589,547.1210853
2021-11,FI,4533.281212,11.23,10.78,5.36,5.5,31.95,32.53,1.47,1.17,1.025565112,1.01336,0.96845,2038.514932,40.15699828,21.34016822,47.69559821,33.73452926,0.868595043,87.62743286,416.3590499,539.1706376
2021-12,FI,4539.424654,11.22,10.77,5.36,5.48,31.93,32.57,1.47,1.18,1.025549953,1.01108,0.96671,2033.686205,41.84452513,21.35945568,47.30527334,33.73418326,0.868607672,91.94141748,431.5286282,559.1461108
2022-01,FI,4616.951932,11.15,10.69,5.34,5.44,32.1,32.64,1.46,1.16,1.026604362,1.01759,0.95512,2062.21644,44.75250133,21.8898512,48.01819691,34.64918093,0.867410538,68.91884369,376.1670856,481.1848135
2022-02,FI,4611.84351,11.14,10.69,5.32,5.46,32.04,32.71,1.46,1.16,1.026441014,1.01752,0.95428,2051.884023,45.8998986,21.91448249,48.19657313,34.64324933,0.867323615,71.93670729,347.3032065,452.1867648
2022-03,FI,4610.523577,11.15,10.7,5.3,5.46,31.99,32.75,1.46,1.17,1.026556139,1.01809,0.9535,2046.53766,46.93776035,21.91339179,48.20749811,34.63157029,0.867496982,82.61593436,405.6202252,528.7932659
2022-04,FI,4615.671867,11.12,10.69,5.31,5.44,32.04,32.74,1.47,1.17,1.026350509,1.01664,0.95215,2049.060666,47.14535413,21.92681447,48.24867571,34.70088816,0.867441454,80.51685283,377.6009262,495.1213965
2022-05,FI,4609.622273,11.13,10.7,5.31,5.41,32.06,32.72,1.47,1.18,1.026123671,1.01588,0.95149,2047.454581,46.90667658,22.03448453,48.42769007,34.77026765,0.867676698,84.32173905,399.1624899,522.6548048
2022-06,FI,4622.868704,11.11,10.66,5.3,5.39,32.11,32.74,1.48,1.18,1.026263431,1.00379,0.94005,2057.708124,46.87933232,22.16326957,48.61398786,34.78652756,0.867343,83.43664086,407.5854745,534.4020954
2022-07,FI,4634.644445,11.12,10.66,5.31,5.39,32.17,32.66,1.49,1.18,1.025741163,1.0024,0.93968,2064.615518,46.89450283,22.33185274,49.15576547,34.80739672,0.867303886,80.88706477,393.8817483,514.7986056
2022-08,FI,4637.429402,11.12,10.66,5.31,5.38,32.16,32.65,1.5,1.18,1.025769803,1.00231,0.93986,2064.521928,47.22958538,22.33185198,49.10017483,34.83457215,0.86723055,90.1866393,432.0016098,566.1203647
2022-09,FI,4638.182269,11.1,10.63,5.3,5.4,32.17,32.66,1.51,1.19,1.026122198,1.00222,0.93974,2059.989252,47.41308288,22.39513758,49.2905526,34.84848732,0.867699138,85.30418715,412.3554166,539.770926
2022-10,FI,4638.395658,11.11,10.62,5.32,5.4,32.16,32.64,1.52,1.2,1.025865271,1.00251,0.93953,2055.246094,47.88314012,22.43951788,49.31136416,34.90251611,0.867389256,88.94421848,427.7201657,557.5567087
2022-11,FI,4672.820711,11.1,10.6,5.32,5.41,32.13,32.66,1.53,1.21,1.026159037,1.00161,0.93863,2057.254054,48.01967187,22.50860562,49.44261669,35.3605774,0.867023175,88.18926592,426.200389,556.9139432
2022-12,FI,4675.250069,11.1,10.6,5.31,5.39,32.13,32.67,1.54,1.22,1.026763903,1.00128,0.93827,2058.949854,47.89146862,22.5949775,49.49877684,35.39234764,0.86671352,87.41849988,425.450544,557.2970935
2023-01,FI,4697.616849,11.14,10.61,5.33,5.36,32.25,32.56,1.51,1.19,1.024510886,1.00258,0.93599,2069.057947,48.87151007,22.67246605,49.51179815,35.47190405,0.86575102,75.94426958,403.8438627,522.4267398
2023-02,FI,4700.218096,11.12,10.59,5.31,5.34,32.26,32.62,1.51,1.2,1.025093856,1.00247,0.93592,2070.232871,48.97646752,22.7604581,49.78654975,35.4918888,0.865956596,74.69314923,382.6603707,501.3002032
2023-03,FI,4700.163216,11.11,10.58,5.29,5.31,32.28,32.65,1.53,1.21,1.025947311,1.00259,0.93608,2067.649713,48.90530385,22.76300016,49.8610373,35.44955067,0.865959115,81.23407643,438.7752291,576.160293
2023-04,FI,4710.862258,11.11,10.58,5.28,5.28,32.3,32.64,1.53,1.22,1.026360981,1.00193,0.93549,2068.121156,48.50161801,22.81871634,49.88072324,35.49403595,0.865813755,84.07041657,404.8090319,535.125147
2023-05,FI,4721.231698,11.1,10.57,5.27,5.25,32.3,32.69,1.54,1.23,1.027194943,1.00158,0.93711,2071.503942,48.81282246,22.86272163,49.86606337,35.5274556,0.865826323,86.09168691,445.204469,590.966968
2023-06,FI,4736.289109,11.07,10.56,5.28,5.24,32.33,32.69,1.55,1.24,1.027839303,1.00037,0.93694,2079.9166,48.67653913,22.75871961,49.44265486,35.54586492,0.865484613,87.57382063,435.2717321,576.9109539
2023-07,FI,4771.253454,11.02,10.52,5.28,5.24,32.37,32.73,1.54,1.24,1.028119171,0.99254,0.93966,2103.325394,47.45139149,22.71944307,49.18464971,35.58234619,0.863981242,85.76831017,424.288834,560.8390963
2023-08,FI,4773.638803,11.02,10.52,5.28,5.22,32.4,32.71,1.55,1.24,1.028256116,0.9918,0.94074,2103.228672,47.24653508,22.76354595,49.33678299,35.59764577,0.864087116,91.0905629,462.3112377,614.0524141
2023-09,FI,4768.595022,11,10.5,5.28,5.24,32.39,32.71,1.57,1.25,1.02889614,0.9928,0.94054,2096.610172,47.22770676,22.78370188,49.36900892,35.56602569,0.864323177,87.54772028,426.2175934,570.677103
2023-10,FI,4771.903595,11.01,10.49,5.27,5.24,32.4,32.7,1.58,1.26,1.029142796,0.99248,0.94038,2098.795251,47.06461935,22.88067789,49.3203134,35.52992704,0.863998312,101.6453171,472.474801,630.5211587
2023-11,FI,4784.330977,10.98,10.47,5.27,5.26,32.34,32.76,1.59,1.28,1.030185534,0.99195,0.94063,2105.402198,47.36472883,23.31354371,49.60406853,35.55024291,0.86402785,96.3016407,467.4084951,620.9445788
2023-12,FI,4812.537316,11,10.48,5.3,5.19,32.6,32.4,1.65,1.32,1.031843408,0.98932,0.93926,2138.865726,40.59785248,23.52726648,49.38439304,35.66665294,0.865557351,85.72638884,449.3015232,600.2848243
2024-01,FI,4822.313149,10.98,10.47,5.25,5.15,32.42,32.79,1.58,1.29,1.031667774,0.98793,0.94445,2133.864381,47.64874016,23.56141843,48.29927396,35.56879507,0.867408179,83.68055439,440.3531284,580.1026062
2024-02,FI,4820.262202,10.98,10.46,5.24,5.13,32.41,32.81,1.59,1.3,1.032326904,0.98796,0.94474,2128.509188,47.59215877,23.56936456,48.35071582,35.61229093,0.86767072,83.75065209,416.2113756,550.8359396
2024-03,FI,4819.07628,10.98,10.46,5.23,5.12,32.4,32.84,1.6,1.31,1.032966237,0.98791,0.94544,2126.62524,47.5522997,23.60075039,48.32329804,35.66987449,0.867904221,83.79795334,459.8362349,606.8920036
2024-04,FI,4813.799311,10.99,10.46,5.21,5.11,32.38,32.87,1.6,1.31,1.03336677,0.98807,0.9455,2126.788517,47.49624752,23.60173871,48.36720358,35.65078244,0.868060019,93.40478598,471.8499371,624.0357323
2024-05,FI,4814.722159,10.98,10.45,5.18,5.08,32.39,32.9,1.61,1.32,1.033895241,0.98826,0.94518,2125.36952,47.18783385,23.66493295,48.55661231,35.6631915,0.868456205,101.190818,495.4785904,652.664326
2024-06,FI,4820.899215,10.99,10.45,5.18,5.07,32.43,32.86,1.61,1.32,1.033147335,0.9871,0.94548,2129.804933,46.85153084,23.95223946,48.65423438,35.71063469,0.868883621,89.37042726,459.4125452,605.3400558
2024-07,FI,4844.888748,10.98,10.45,5.19,5.07,32.49,32.81,1.61,1.31,1.03231632,0.98353,0.94764,2139.817966,46.75684942,23.93699133,48.28015308,35.91628707,0.868559686,101.7321775,485.0356265,646.8552369
2024-08,FI,4842.781306,10.98,10.46,5.17,5.06,32.46,32.83,1.62,1.32,1.032588592,0.98353,0.9476,2138.47865,46.41379735,23.99145521,48.41798551,35.96176329,0.868508764,103.8639613,495.8666048,657.8005916
2024-09,FI,4840.460623,10.99,10.46,5.16,5.05,32.44,32.82,1.64,1.33,1.032917469,0.98374,0.94763,2137.101602,46.28934093,24.07203466,48.54595708,35.96513021,0.868931502,102.4063059,478.9052776,642.0288969
2024-10,FI,4832.176484,10.99,10.46,5.15,5.06,32.42,32.82,1.65,1.34,1.033144123,0.98415,0.94755,2129.994346,46.58789668,24.11936315,48.6497776,35.87248433,0.869410958,113.365776,542.2076326,717.7788737
2016-01,SI,3614.214517,13.52,12.96,5.53,5.64,27.34,31.71,1.67,1.63,1.032984798,1.03082,0.99636,1090.617931,18.60654225,13.37942984,42.4084921,5.74315282,0.850243673,26.06972336,275.9241903,346.8178695
2016-02,SI,3613.970308,13.5,12.93,5.53,5.63,27.35,31.73,1.68,1.64,1.033594441,1.03318,0.99286,1091.270316,18.593123,13.39009688,42.40890517,5.761835345,0.850276039,28.75033078,292.6940886,371.1311373
2016-03,SI,3617.244703,13.49,12.92,5.54,5.64,27.35,31.73,1.68,1.65,1.033883876,1.03244,0.98782,1092.050752,18.57668441,13.41411871,42.46001548,5.766375324,0.850217657,32.07576677,325.6808714,413.0297192
2016-04,SI,3616.811687,13.48,12.91,5.53,5.63,27.35,31.74,1.69,1.66,1.034518927,1.03531,0.99261,1093.010751,18.52084437,13.42897088,42.48437485,5.799428756,0.850203216,30.88539521,308.0232265,392.1067753
2016-05,SI,3615.988697,13.47,12.9,5.53,5.62,27.37,31.73,1.7,1.67,1.034940612,1.02174,0.98482,1094.683544,18.52187361,13.42468159,42.44257618,5.803731684,0.850034952,32.09171099,315.9720483,403.3162891
2016-06,SI,3615.999105,13.46,12.89,5.54,5.63,27.36,31.73,1.71,1.67,1.035260829,1.00618,0.96974,1096.601072,18.87073065,13.38512892,42.27943137,5.804011504,0.850089237,32.8539311,330.0653282,420.4016393
2016-07,SI,3597.327459,13.46,12.89,5.55,5.64,27.35,31.74,1.71,1.67,1.03537343,0.98921,0.94824,1085.891728,18.80797139,13.37886259,42.25853571,5.809435214,0.850610149,31.07512561,315.5818634,402.0999397
2016-08,SI,3596.965051,13.45,12.88,5.56,5.64,27.34,31.73,1.72,1.68,1.035854123,0.97689,0.93407,1086.883299,18.75795796,13.37416289,42.21141515,5.82190312,0.850695164,34.36377861,347.7331978,443.3527417
2016-09,SI,3625.324389,13.43,12.87,5.55,5.66,27.33,31.78,1.71,1.66,1.035812147,0.95618,0.91896,1095.090487,19.89108448,12.95019146,40.08970804,5.85007831,0.85062198,32.54039328,325.6954785,416.266849
2016-10,SI,3630.078946,13.41,12.85,5.55,5.66,27.34,31.78,1.72,1.68,1.036437492,1.00942,0,1096.234466,20.02612821,12.97817526,40.07657157,5.8728134,0.850633744,32.98281752,337.851333,429.8369886
2016-11,SI,3630.454654,13.4,12.83,5.55,5.66,27.34,31.8,1.73,1.69,1.036957969,0.92701,0.88977,1098.02154,20.090028,12.98197639,40.06600281,5.92289237,0.850746377,34.13372184,343.67287,438.6004686
2016-12,SI,3633.763541,13.38,12.81,5.55,5.65,27.37,31.78,1.75,1.7,1.037521948,0.90535,0.86086,1103.169748,19.91244567,12.97814137,39.99583748,6.024186901,0.850988932,36.40505021,359.8351974,460.5359236
2017-01,SI,3745.508795,13.4,12.85,5.56,5.65,27.58,31.77,1.64,1.55,1.034084802,0.88622,0.83567,1121.529177,18.68323864,13.79576962,40.74022782,5.881098081,0.855990395,27.79231705,308.8155985,391.669115
2017-02,SI,3743.459336,13.39,12.83,5.56,5.65,27.59,31.78,1.65,1.55,1.034429583,0.88422,0.83393,1121.555805,18.6302105,13.78509634,40.67508812,5.900781431,0.856077143,27.79802853,296.3606175,379.1348528
2017-03,SI,3734.488808,13.38,12.83,5.57,5.65,27.61,31.78,1.64,1.54,1.033841113,0.88592,0.83446,1125.996692,18.83189638,13.65951469,40.246841,6.118867276,0.855926395,31.78567295,343.7819338,438.8130791
2017-04,SI,3732.104471,13.37,12.82,5.56,5.63,27.64,31.79,1.64,1.54,1.034124898,0.88383,0.83261,1126.800728,18.67257667,13.64588495,40.2263448,6.147681774,0.856112453,29.09273933,315.973916,402.9262148
2017-05,SI,3731.851981,13.36,12.81,5.57,5.63,27.66,31.78,1.64,1.54,1.034251348,0.88132,0.83068,1128.203642,18.6187671,13.63551774,40.17195522,6.181937185,0.856262508,31.69527298,347.2918493,441.7928529
2017-06,SI,3733.250279,13.35,12.8,5.57,5.62,27.68,31.78,1.65,1.55,1.034491684,0.87888,0.82915,1130.522347,18.43951414,13.61789222,40.07406243,6.21811904,0.856389543,31.81008539,352.0891644,446.7596293
2017-07,SI,3734.604566,13.3,12.75,5.57,5.62,27.64,31.82,1.7,1.59,1.037408381,0.87517,0.82531,1122.773691,18.27669505,13.70999702,40.29576759,6.12625385,0.857184341,30.18728642,335.660068,427.558863
2017-08,SI,3730.088005,13.28,12.74,5.58,5.63,27.65,31.83,1.7,1.58,1.037247714,0.87145,0.82377,1123.179906,18.2509307,13.68578403,40.14050108,6.167497794,0.857305983,32.86073542,369.0333571,468.7362523
2017-09,SI,3736.096726,13.26,12.71,5.59,5.65,27.67,31.86,1.69,1.57,1.037358934,0.86556,0.81992,1130.100802,18.18987997,13.0770704,37.19316755,6.205860743,0.857460242,19.58675834,341.5794751,433.2903973
2017-10,SI,3740.374252,13.24,12.69,5.58,5.64,27.68,31.87,1.7,1.59,1.03799065,1.00204,0,1135.848247,18.05806576,13.0863353,37.2105188,6.282272648,0.857674,32.37490053,375.7291517,473.3565848
2017-11,SI,3744.773751,13.2,12.66,5.56,5.64,27.68,31.92,1.72,1.61,1.03915643,0.87518,0.81528,1138.190117,17.95110707,13.15271022,37.31928342,6.382599783,0.857932882,31.7342452,371.0775156,465.9408867
2017-12,SI,3754.394984,13.17,12.63,5.57,5.62,27.76,31.89,1.73,1.62,1.039752718,0.86329,0.80961,1151.774097,17.57659222,13.18337224,37.31709208,6.62861642,0.858302377,33.57846539,376.8707779,475.7465491
2018-01,SI,3827.720478,13.26,12.72,5.52,5.6,27.83,32,1.63,1.44,1.034114535,0.85162,0.7895,1244.203626,16.6877999,13.44541334,35.84157014,6.555416721,0.858592551,27.86118268,328.398392,414.4070655
2018-02,SI,3831.898634,13.24,12.7,5.52,5.59,27.84,32,1.64,1.45,1.034623527,0.84921,0.78814,1247.011461,16.57437869,13.48802548,35.98899857,6.602785031,0.858612044,27.45000911,311.9215827,396.4530135
2018-03,SI,3832.036648,13.23,12.69,5.52,5.59,27.86,32,1.65,1.46,1.034961966,0.84717,0.78711,1248.409778,16.16394543,13.49786207,35.96219071,6.634481742,0.858725208,30.32495671,345.6526489,438.8832004
2018-04,SI,3836.046017,13.23,12.68,5.52,5.58,27.88,32,1.65,1.47,1.035357702,0.8453,0.78556,1251.79668,16.16075988,13.50872489,35.96443677,6.653187013,0.858804999,29.83748549,339.8062881,431.5402393
2018-05,SI,3837.211114,13.21,12.67,5.52,5.57,27.89,32,1.66,1.48,1.035751153,0.84367,0.78371,1253.820426,16.60090883,13.51707498,35.95118647,6.703994437,0.858912153,32.19943822,363.1646189,461.7849386
2018-06,SI,3838.992437,13.2,12.66,5.52,5.57,27.9,32,1.67,1.48,1.036122391,0.84128,0.78149,1255.957219,16.82922621,13.52901563,35.9073228,6.770304892,0.858946437,30.68194072,355.2288096,448.8722178
2018-07,SI,3834.656386,13.18,12.64,5.54,5.58,27.93,31.96,1.67,1.49,1.03626486,0.83813,0.77879,1256.704421,16.9585889,13.54364253,35.9006796,6.80275809,0.859055281,31.63814921,358.7215467,455.3894082
2018-08,SI,3833.12386,13.18,12.64,5.55,5.58,27.93,31.95,1.68,1.5,1.036505242,0.83725,0.77773,1257.109815,16.90577876,13.53312893,35.82207438,6.830097643,0.859147982,34.02907137,383.7044905,487.4508091
2018-09,SI,3836.978313,13.15,12.61,5.54,5.6,27.93,31.97,1.69,1.5,1.036830403,0.83448,0.77536,1267.561309,16.82264693,13.06729653,33.53611732,6.86085532,0.859219175,31.30411052,342.5812655,437.9647324
2018-10,SI,3836.778165,13.14,12.6,5.54,5.6,27.93,31.98,1.7,1.51,1.037264498,0.82817,0.77313,1267.894815,16.72622186,13.06936191,33.5244139,6.887790864,0.859264648,35.36079949,400.1693379,507.7692741
2018-11,SI,3835.828379,13.13,12.59,5.54,5.6,27.93,31.98,1.71,1.52,1.037708556,0.82573,0.77099,1268.224067,16.67482639,13.07269368,33.51192436,6.904751317,0.859328954,33.2580855,383.9894957,485.1899913
2018-12,SI,3838.101297,13.11,12.57,5.54,5.59,27.93,31.98,1.73,1.54,1.038473036,0.8179,0.76207,1271.482164,16.53968112,13.09547489,33.59849358,6.939788269,0.85936549,33.80870903,382.1294286,484.8514732
2019-01,SI,3946.572138,13.16,12.63,5.51,5.62,27.89,32.15,1.61,1.41,1.034473827,0.80929,0.74101,1307.038794,19.01001699,13.15545238,33.13335092,6.615076122,0.858165193,25.67110057,341.6658623,432.1065422
2019-02,SI,3943.725416,13.15,12.62,5.51,5.62,27.89,32.16,1.62,1.42,1.035018882,0.80783,0.73941,1305.56964,19.0168508,13.15378472,33.10964804,6.602839517,0.858223923,24.96340781,321.6949781,409.7228001
2019-03,SI,3933.636301,13.14,12.61,5.5,5.61,27.86,32.2,1.64,1.44,1.035935686,0.80539,0.7373,1304.442449,18.97150337,13.18282022,33.20987643,6.626773864,0.858468081,27.70811043,359.2548561,456.8023977
2019-04,SI,3933.316079,13.13,12.6,5.5,5.61,27.87,32.21,1.64,1.44,1.036404824,0.80386,0.7357,1303.647419,19.0887026,13.23109011,33.38597467,6.6291991,0.858546903,28.96553309,363.3738087,465.7037035
2019-05,SI,3930.782085,13.12,12.59,5.49,5.6,27.86,32.22,1.65,1.46,1.037025978,0.80277,0.73505,1301.425938,19.01955476,13.22921072,33.36257827,6.601177885,0.858574122,29.87433395,373.262004,478.8958991
2019-06,SI,3938.906675,13.1,12.58,5.49,5.6,27.86,32.24,1.66,1.47,1.037628005,0.80132,0.73399,1305.50372,19.21525001,13.32273263,33.24915338,6.576023667,0.858511096,28.07149995,358.5855351,458.0959955
2019-07,SI,3951.621263,13.08,12.56,5.5,5.61,27.85,32.27,1.66,1.47,1.037752538,0.801,0.73296,1311.124067,19.37232078,13.33549441,33.34163819,6.602327315,0.858643398,30.61326272,385.5872983,494.1629145
2019-08,SI,3946.08575,13.07,12.55,5.51,5.61,27.83,32.27,1.67,1.48,1.038326265,0.80055,0.73218,1309.476873,19.43027412,13.35321153,33.32140074,6.579343936,0.858747329,30.72283145,387.4805169,496.7075405
2019-09,SI,3953.796433,13.05,12.52,5.51,5.64,27.84,32.27,1.68,1.48,1.038634559,0.79854,0.72894,1310.185754,18.26713909,13.05228403,32.04434323,6.517924814,0.858794443,29.42902444,368.7716507,473.7585225
2019-10,SI,3955.222727,13.03,12.51,5.51,5.64,27.84,32.27,1.7,1.5,1.039284225,0.79648,0.72617,1311.580962,18.18426728,13.090875,32.09496574,6.50293707,0.858805063,32.30723097,415.7156802,531.1213311
2019-11,SI,3958.33807,13.03,12.5,5.51,5.65,27.81,32.29,1.71,1.51,1.039521172,0.79512,0.72412,1309.39296,18.28857014,13.11476766,32.09592288,6.48690112,0.85919203,29.64118715,385.228961,491.4392406
2019-12,SI,3959.776381,13.01,12.49,5.51,5.64,27.79,32.3,1.72,1.53,1.040235746,0.79089,0.71806,1308.97078,18.28998314,13.12198015,32.11902695,6.454375938,0.859146788,33.13320967,408.6162109,527.632918
2020-01,SI,4042.197687,13.08,12.56,5.45,5.63,27.78,32.4,1.64,1.44,1.035455565,0.78139,0.71027,1296.617932,17.00975919,13.86709827,34.40840293,6.571003609,0.857440223,26.7481155,356.650382,453.8543481
2020-02,SI,4041.244997,13.07,12.54,5.45,5.63,27.78,32.41,1.65,1.46,1.036012373,0.78085,0.70986,1295.409826,17.02781439,13.87613714,34.41137381,6.567848403,0.857566412,26.6699868,328.1165856,425.0924469
2020-03,SI,4046.064533,13.05,12.53,5.46,5.63,27.77,32.42,1.66,1.47,1.036535818,0.77963,0.70818,1296.26387,16.98842046,13.87353603,34.40045492,6.572223308,0.857596363,33.38058177,314.1248241,435.4563531
2020-04,SI,4040.640383,13.04,12.53,5.45,5.63,27.77,32.42,1.67,1.48,1.03693685,0.77907,0.70837,1295.619782,16.95536935,13.89158658,34.56275409,6.569370396,0.857608489,30.12681311,236.9239413,346.5232191
2020-05,SI,4039.686049,13.03,12.51,5.45,5.62,27.78,32.44,1.68,1.49,1.037582742,0.77873,0.70768,1295.73989,16.89793678,13.90758732,34.59783744,6.588362089,0.85765961,29.5797765,298.9451133,406.5441063
2020-06,SI,4043.392414,13.01,12.5,5.44,5.62,27.75,32.49,1.69,1.5,1.038142166,0.77832,0.70705,1303.442687,16.88198952,13.8280561,34.38932134,6.544202819,0.857406445,31.91620723,370.205132,487.0919685
2020-07,SI,4032.838615,13.01,12.5,5.43,5.61,27.75,32.51,1.69,1.5,1.038490966,0.77853,0.74675,1304.343563,16.84845049,13.88951224,34.40975039,6.512961123,0.857426182,31.26603167,398.0540196,512.860459
2020-08,SI,4029.389279,13,12.48,5.43,5.61,27.75,32.51,1.7,1.51,1.039205389,0.77755,0.74583,1303.066694,16.80349852,13.905556,34.450857,6.493259766,0.857613661,31.03672975,384.1538421,498.426614
2020-09,SI,3895.756515,13.02,12.5,5.5,5.61,28.18,31.92,1.75,1.52,1.038585288,0.77664,0.74643,1263.344219,16.87020035,13.21338053,32.40338021,6.768469412,0.860186256,34.1102244,400.3377475,520.9740277
2020-10,SI,3890.238272,13,12.48,5.5,5.61,28.2,31.91,1.76,1.53,1.039234102,0.77614,0.74781,1261.468798,16.70584278,13.27011648,32.50594233,6.802424802,0.860125819,34.95921814,429.730807,553.0475606
2020-11,SI,3888.949241,12.98,12.46,5.5,5.61,28.2,31.92,1.77,1.55,1.0396268,0.7759,0.74869,1261.340108,16.7022461,13.28747457,32.53341072,6.828345225,0.860184547,33.83264918,407.7760472,526.8495074
2020-12,SI,3890.269573,12.96,12.44,5.51,5.61,28.21,31.92,1.79,1.56,1.040275182,0.77323,0.75072,1262.141455,16.64675449,13.32598335,32.54539624,6.88479761,0.860155393,37.87671047,436.2207504,569.2955396
2021-01,SI,3891.772019,13.12,12.6,5.5,5.63,28.26,31.82,1.65,1.41,1.029733642,0.91565,0.95668,1273.939818,20.29375898,13.88577943,34.28117585,6.998930323,0.859997629,29.21136255,370.8234987,474.9839606
2021-02,SI,3888.001382,13.1,12.58,5.51,5.64,28.26,31.83,1.66,1.42,1.030210271,0.90986,0.95413,1272.51257,20.25114955,13.87888054,34.24025694,7.000722678,0.860147277,31.99436293,349.8719262,457.5288638
2021-03,SI,3885.453416,13.09,12.56,5.51,5.63,28.26,31.83,1.67,1.43,1.030754747,0.90122,0.94958,1271.677732,20.22124601,13.87446384,34.19471467,7.01473295,0.860168242,38.48543706,424.0540607,553.4357696
2021-04,SI,3885.71534,13.07,12.55,5.51,5.63,28.26,31.85,1.68,1.43,1.031385044,0.89376,0.94607,1273.024818,20.2051703,13.89765225,34.22821398,7.090843379,0.860249343,37.55666667,417.742173,543.8102996
2021-05,SI,3885.504625,13.06,12.54,5.51,5.62,28.27,31.86,1.68,1.44,1.031951709,0.88827,0.94322,1272.594745,20.17255431,13.91551959,34.26036461,7.098631226,0.860184133,36.30221335,398.5502063,520.2563286
2021-06,SI,3879.359643,13.06,12.53,5.51,5.62,28.28,31.85,1.69,1.44,1.03224877,0.88174,0.94,1271.81527,20.13719547,13.89732389,34.17242336,7.115959871,0.860433507,38.63417564,418.478167,547.9274736
2021-07,SI,3885.850869,13.05,12.52,5.52,5.62,28.3,31.84,1.69,1.44,1.032385966,0.87375,0.93605,1274.777288,20.03090362,13.97214535,34.50679455,7.134710643,0.859853442,37.38960252,424.5052397,549.401714
2021-08,SI,3878.118847,13.04,12.51,5.53,5.63,28.3,31.83,1.7,1.45,1.032697741,0.86374,0.9322,1273.253409,20.03647801,13.92584107,34.3110093,7.149394912,0.859984407,39.91318329,454.6554033,587.847776
2021-09,SI,3874.511279,13.02,12.5,5.53,5.62,28.3,31.83,1.71,1.46,1.033158058,0.86041,0.92903,1271.730118,19.98202902,13.90039348,34.17299931,7.118508938,0.860140613,38.73015605,441.1845218,570.6936242
2021-10,SI,3871.518949,13.01,12.48,5.54,5.62,28.31,31.82,1.72,1.47,1.033543633,0.85614,0.92497,1272.08102,20.00520667,13.88781315,34.0307318,7.117218383,0.860186651,39.95969653,446.8005344,580.3736617
2021-11,SI,3869.978586,12.99,12.47,5.54,5.63,28.32,31.82,1.73,1.48,1.034064494,0.85289,0.92193,1271.373863,19.99606226,13.87247466,33.91807044,7.125325506,0.860258463,41.06824815,447.6858315,584.833188
2021-12,SI,3869.605579,12.97,12.45,5.53,5.62,28.32,31.83,1.75,1.5,1.034701536,0.84112,0.91155,1270.974382,19.98263029,13.86770613,33.77331053,7.113896505,0.860232463,42.83298541,462.2597263,605.4717942
2022-01,SI,3967.744877,13.03,12.5,5.54,5.65,28.22,31.86,1.69,1.46,1.031911162,0.81981,0.89136,1271.649413,21.09551623,14.81558777,35.30989969,7.057859794,0.863073326,33.72546083,385.5105874,499.9088313
2022-02,SI,3965.147176,13,12.49,5.55,5.65,28.23,31.87,1.69,1.47,1.03215317,0.81649,0.88866,1271.272295,21.08574725,14.79718256,35.19783734,7.062795401,0.863155216,33.95286875,361.6941455,476.825946
2022-03,SI,3963.340534,12.99,12.47,5.55,5.65,28.24,31.87,1.7,1.48,1.03245419,0.81277,0.88524,1270.93045,20.94947266,14.77325598,35.07192393,7.08118552,0.863127827,39.5310814,426.1503079,559.9628584
2022-04,SI,3948.203431,12.98,12.46,5.55,5.64,28.25,31.88,1.71,1.49,1.032928878,0.80738,0.88104,1270.601184,21.02684094,14.7818467,35.00635743,7.071570413,0.863160523,37.87372132,399.5426266,527.9214518
2022-05,SI,3949.954314,12.96,12.44,5.55,5.63,28.27,31.89,1.72,1.5,1.033145389,0.80507,0.87886,1271.517812,20.91251663,14.77294354,34.92612084,7.100753285,0.863216995,40.24451647,417.9333332,553.9239126
2022-06,SI,3943.222008,12.95,12.43,5.54,5.62,28.29,31.9,1.73,1.51,1.033407715,0.80213,0.87587,1272.378124,20.83951515,14.80642409,34.96790313,7.128955354,0.863535084,41.81919784,424.5641514,565.7620083
2022-07,SI,3940.013996,12.94,12.41,5.56,5.63,28.29,31.9,1.73,1.51,1.033302824,0.80072,0.87436,1270.581208,20.8570645,14.84722324,34.92606764,7.154574993,0.863892545,39.95268636,408.7507336,543.4107311
2022-08,SI,3936.676125,12.92,12.39,5.57,5.65,28.28,31.89,1.73,1.51,1.033438741,0.80234,0.87367,1269.333157,20.80258955,14.84498254,34.8620206,7.144240121,0.863977085,44.81099477,452.9793574,604.1579781
2022-09,SI,3931.991471,12.91,12.38,5.58,5.65,28.3,31.87,1.74,1.52,1.033454077,0.80261,0.87375,1268.604769,20.70365891,14.85378138,34.90642611,7.171396954,0.864158771,42.94304131,435.7411636,580.0992371
2022-10,SI,3932.22838,12.89,12.36,5.58,5.66,28.29,31.88,1.76,1.54,1.034100738,0.80155,0.87367,1266.894995,20.74500396,14.90729292,35.00144291,7.195639078,0.864435118,44.22182848,453.2792643,601.5566846
2022-11,SI,3930.517529,12.87,12.35,5.57,5.65,28.3,31.88,1.77,1.55,1.034456202,0.80052,0.87327,1266.824406,20.72301358,14.92531482,35.03934518,7.200499918,0.864522914,44.82480064,461.6482252,611.9169329
2022-12,SI,3931.090117,12.86,12.33,5.57,5.64,28.31,31.88,1.79,1.57,1.035213072,0.8008,0.87407,1267.661553,20.69983673,14.96156225,35.09556802,7.222077684,0.864570479,45.74896235,462.4834524,615.6691454
2023-01,SI,4010.170528,12.87,12.34,5.59,5.65,28.37,31.89,1.73,1.51,1.032304955,0.80124,0.87536,1308.558206,17.68184915,15.23058784,35.28895013,7.533248718,0.86351276,47.80480037,466.9504683,620.5277104
2023-02,SI,4004.927911,12.85,12.33,5.59,5.64,28.38,31.9,1.74,1.52,1.032675332,0.80087,0.87514,1307.157036,17.64022813,15.23839331,35.30583463,7.530680016,0.863763482,47.87009771,448.1343596,602.0722499
2023-03,SI,4004.761892,12.84,12.31,5.58,5.64,28.38,31.91,1.75,1.53,1.03313294,0.80115,0.87567,1307.014329,17.64034111,15.26161643,35.36238405,7.540523921,0.86385306,55.50386834,526.5143415,705.0434911
2023-04,SI,4008.988022,12.83,12.31,5.57,5.63,28.4,31.9,1.76,1.54,1.033452969,0.8005,0.87577,1310.145105,17.39982374,15.31078805,35.40569016,7.594782684,0.863922612,52.89157933,481.9382261,651.8443402
2023-05,SI,4010.313455,12.82,12.3,5.57,5.62,28.41,31.91,1.76,1.55,1.033764732,0.80038,0.87601,1311.253779,17.3736929,15.34169389,35.4495213,7.608928211,0.864023798,59.18459751,528.711131,718.8506716
2023-06,SI,4011.133101,12.81,12.28,5.57,5.61,28.42,31.9,1.78,1.56,1.034186193,0.80014,0.87644,1314.867368,17.40323791,15.37741077,35.45034842,7.629737816,0.86450958,58.78696374,522.4973304,711.3324501
2023-07,SI,4018.846463,12.81,12.29,5.58,5.61,28.45,31.85,1.78,1.56,1.033786594,0.79991,0.87672,1318.580889,14.39756589,15.45572643,35.40679221,7.627567573,0.864342311,55.92902392,501.4479564,683.734095
2023-08,SI,4018.799294,12.8,12.28,5.59,5.63,28.43,31.84,1.79,1.57,1.033883566,0.79958,0.87711,1318.869537,14.34434231,15.48490275,35.44363805,7.641116485,0.864393696,61.37949067,555.4531251,755.3805808
2023-09,SI,4018.173295,12.79,12.27,5.59,5.63,28.43,31.84,1.8,1.58,1.034187845,0.79748,0.87706,1318.554437,14.22509012,15.49982108,35.48560133,7.638808227,0.864505129,58.41416523,518.2848038,708.5359255
2023-10,SI,4021.042213,12.78,12.25,5.58,5.63,28.43,31.84,1.81,1.59,1.034507766,0.79546,0.87717,1319.768794,14.29690982,15.51163848,35.53067916,7.637148712,0.864521271,63.26595926,574.4964812,780.508453
2023-11,SI,4021.913486,12.77,12.24,5.58,5.63,28.42,31.85,1.83,1.61,1.034981063,0.79422,0.87732,1320.196687,14.3049876,15.53029198,35.58852542,7.644057202,0.864559543,62.52227127,564.2537954,767.6167245
2023-12,SI,4025.031781,12.76,12.23,5.57,5.62,28.42,31.85,1.84,1.63,1.035613671,0.79068,0.87678,1321.33721,14.33358893,15.52845675,35.62498271,7.637951914,0.864581445,62.14491554,562.2376923,764.2476189
2024-01,SI,4136.201063,12.81,12.29,5.6,5.64,28.48,31.84,1.71,1.55,1.03060259,0.78377,0.87583,1351.865781,14.61606261,18.87502272,43.63861968,7.849993174,0.865773567,54.83154333,516.5622628,691.0418846
2024-02,SI,4135.731119,12.8,12.28,5.6,5.63,28.49,31.85,1.72,1.56,1.031007392,0.78251,0.87588,1351.733186,14.63405547,18.87808755,43.66098907,7.843779362,0.865814335,53.18349148,495.0734449,664.4527203
2024-03,SI,4135.527794,12.79,12.27,5.6,5.63,28.47,31.86,1.73,1.57,1.031498449,0.78105,0.87475,1352.116604,14.65652117,18.87603686,43.64448883,7.777375713,0.865873763,58.19561274,538.2717102,723.7518842
2024-04,SI,4138.147977,12.78,12.26,5.6,5.62,28.48,31.87,1.73,1.57,1.031866361,0.77879,0.87324,1353.409102,14.76329232,18.89466271,43.62451401,7.786833184,0.865893509,60.93289117,552.9056691,746.7438417
2024-05,SI,4142.043324,12.77,12.26,5.58,5.61,28.48,31.89,1.74,1.58,1.032277587,0.77726,0.87322,1354.770324,14.77491819,18.90517293,43.59391706,7.790522149,0.86585166,63.151255,584.6217917,785.3937922
2024-06,SI,4142.438979,12.76,12.24,5.59,5.61,28.47,31.91,1.75,1.59,1.032682135,0.77514,0.87288,1357.729757,14.45775061,18.88899128,43.53005269,7.77597385,0.866148803,60.11026475,531.8832814,723.1512676
2024-07,SI,4131.571533,12.74,12.22,5.6,5.63,28.47,31.92,1.74,1.59,1.033151273,0.77322,0.87364,1357.281426,14.37260602,18.79624625,43.06409516,7.802910834,0.866580172,66.94194475,570.5144179,783.186944
2024-08,SI,4132.931581,12.73,12.21,5.61,5.64,28.46,31.91,1.75,1.6,1.033546014,0.77196,0.87305,1357.104402,14.24916355,18.78022443,43.01625569,7.800592673,0.866676415,66.78520651,581.9258551,793.9776579
2024-09,SI,4131.136817,12.72,12.2,5.61,5.64,28.45,31.92,1.76,1.61,1.033860058,0.77229,0.87316,1357.400504,14.3024562,18.77483019,43.00082719,7.790670203,0.866734898,67.14721549,556.1466542,769.582821
2024-10,SI,4131.035921,12.7,12.18,5.6,5.65,28.45,31.92,1.77,1.62,1.034235833,0.77301,0.8738,1357.333425,14.31016093,18.77872697,43.01518845,7.758816352,0.866802646,66.24088559,620.198647,853.0201842